Title,ID,Date,Total Comments,Post URL
"Weekend worship service examination (Feb 01 - Feb 02, 2020)",ex0kyh,2020-01-31,33,https://www.reddit.com/r/exIglesiaNiCristo/comments/ex0kyh/weekend_worship_service_examination_feb_01_feb_02/
"Weekend Worship Service Examination (Apr 24 - Apr 27, 2020)",g725k9,2020-04-23,34,https://www.reddit.com/r/exIglesiaNiCristo/comments/g725k9/weekend_worship_service_examination_apr_24_apr_27/
"Weekend Worship Service Examination (May 29 - Jun 01, 2020)",gsm82c,2020-05-28,16,https://www.reddit.com/r/exIglesiaNiCristo/comments/gsm82c/weekend_worship_service_examination_may_29_jun_01/
"Mid-week Worship Service Examination (Dec 07 - Dec 09, 2021)",rb11qd,2020-05-28,15,https://www.reddit.com/r/exIglesiaNiCristo/comments/rb11qd/midweek_worship_service_examination_dec_07_dec_09/
"Mid-week Worship Service Examination (Nov 30 - Dec 02, 2021)",r5p3h8,2020-05-28,11,https://www.reddit.com/r/exIglesiaNiCristo/comments/r5p3h8/midweek_worship_service_examination_nov_30_dec_02/
"Mid-week Worship Service Examination (Jan 04 - Jan 06, 2022)",rvwax2,2020-05-28,16,https://www.reddit.com/r/exIglesiaNiCristo/comments/rvwax2/midweek_worship_service_examination_jan_04_jan_06/
"Mid-week Worship Service Examination (Oct 13 - Oct 15, 2021)",q7231n,2020-05-28,25,https://www.reddit.com/r/exIglesiaNiCristo/comments/q7231n/midweek_worship_service_examination_oct_13_oct_15/
"Mid-week Worship Service Examination (Nov 09 - Nov 11, 2021)",qq6rqd,2020-05-28,9,https://www.reddit.com/r/exIglesiaNiCristo/comments/qq6rqd/midweek_worship_service_examination_nov_09_nov_11/
"Mid-week Worship Service Examination (Sep 29 - Oct 01, 2021)",pxmedz,2020-05-28,15,https://www.reddit.com/r/exIglesiaNiCristo/comments/pxmedz/midweek_worship_service_examination_sep_29_oct_01/
"Mid-week Worship Service Examination (Oct 06 - Oct 08, 2021)",q2bq2l,2020-05-28,19,https://www.reddit.com/r/exIglesiaNiCristo/comments/q2bq2l/midweek_worship_service_examination_oct_06_oct_08/
"Mid-week Worship Service Examination (Aug 04 - Aug 06, 2021)",oxjhy0,2020-05-28,20,https://www.reddit.com/r/exIglesiaNiCristo/comments/oxjhy0/midweek_worship_service_examination_aug_04_aug_06/
"Mid-week Worship Service Examination (Sep 22 - Sep 24, 2021)",psyhtu,2020-05-28,16,https://www.reddit.com/r/exIglesiaNiCristo/comments/psyhtu/midweek_worship_service_examination_sep_22_sep_24/
"Mid-week Worship Service Examination (Dec 28 - Dec 30, 2021)",rqhq3j,2020-05-28,11,https://www.reddit.com/r/exIglesiaNiCristo/comments/rqhq3j/midweek_worship_service_examination_dec_28_dec_30/
"Mid-week Worship Service Examination (Nov 02 - Nov 04, 2021)",ql6400,2020-05-28,24,https://www.reddit.com/r/exIglesiaNiCristo/comments/ql6400/midweek_worship_service_examination_nov_02_nov_04/
"Mid-week Worship Service Examination (Nov 16 - Nov 18, 2021)",qv9nu7,2020-05-28,21,https://www.reddit.com/r/exIglesiaNiCristo/comments/qv9nu7/midweek_worship_service_examination_nov_16_nov_18/
"Mid-week Worship Service Examination (Sep 08 - Sep 10, 2021)",pk25tf,2020-05-28,32,https://www.reddit.com/r/exIglesiaNiCristo/comments/pk25tf/midweek_worship_service_examination_sep_08_sep_10/
"Mid-week Worship Service Examination (Sep 01 - Sep 03, 2021)",pfl3dr,2020-05-28,20,https://www.reddit.com/r/exIglesiaNiCristo/comments/pfl3dr/midweek_worship_service_examination_sep_01_sep_03/
"Mid-week Worship Service Examination (Sep 15 - Sep 17, 2021)",pohopu,2020-05-28,11,https://www.reddit.com/r/exIglesiaNiCristo/comments/pohopu/midweek_worship_service_examination_sep_15_sep_17/
"Mid-week Worship Service Examination (Jul 21 - Jul 23, 2021)",oohdo5,2020-05-28,36,https://www.reddit.com/r/exIglesiaNiCristo/comments/oohdo5/midweek_worship_service_examination_jul_21_jul_23/
"Mid-week Worship Service Examination (Oct 20 - Oct 22, 2021)",qc9iul,2020-05-28,10,https://www.reddit.com/r/exIglesiaNiCristo/comments/qc9iul/midweek_worship_service_examination_oct_20_oct_22/
"Mid-week Worship Service Examination (Jul 28 - Jul 30, 2021)",ot1dti,2020-05-28,13,https://www.reddit.com/r/exIglesiaNiCristo/comments/ot1dti/midweek_worship_service_examination_jul_28_jul_30/
"Mid-week Worship Service Examination (Aug 18 - Aug 20, 2021)",p6ipji,2020-05-28,16,https://www.reddit.com/r/exIglesiaNiCristo/comments/p6ipji/midweek_worship_service_examination_aug_18_aug_20/
"Mid-week Worship Service Examination (Jun 23 - Jun 25, 2021)",o643q8,2020-05-28,22,https://www.reddit.com/r/exIglesiaNiCristo/comments/o643q8/midweek_worship_service_examination_jun_23_jun_25/
"Mid-week Worship Service Examination (Dec 14 - Dec 16, 2021)",rg9anc,2020-05-28,10,https://www.reddit.com/r/exIglesiaNiCristo/comments/rg9anc/midweek_worship_service_examination_dec_14_dec_16/
"Mid-week Worship Service Examination (Oct 26 - Oct 28, 2021)",qg8a7y,2020-05-28,33,https://www.reddit.com/r/exIglesiaNiCristo/comments/qg8a7y/midweek_worship_service_examination_oct_26_oct_28/
"Mid-week Worship Service Examination (Dec 21 - Dec 23, 2021)",rlgfbu,2020-05-28,29,https://www.reddit.com/r/exIglesiaNiCristo/comments/rlgfbu/midweek_worship_service_examination_dec_21_dec_23/
"Mid-week Worship Service Examination (Nov 23 - Nov 25, 2021)",r0f38h,2020-05-28,18,https://www.reddit.com/r/exIglesiaNiCristo/comments/r0f38h/midweek_worship_service_examination_nov_23_nov_25/
"Mid-week Worship Service Examination (Jul 19 - Jul 21, 2022)",w2tgm0,2020-05-28,15,https://www.reddit.com/r/exIglesiaNiCristo/comments/w2tgm0/midweek_worship_service_examination_jul_19_jul_21/
"Mid-week Worship Service Examination (Jul 12 - Jul 14, 2022)",vxbxju,2020-05-28,15,https://www.reddit.com/r/exIglesiaNiCristo/comments/vxbxju/midweek_worship_service_examination_jul_12_jul_14/
"Mid-week Worship Service Examination (Jun 14 - Jun 16, 2022)",vc451y,2020-05-28,32,https://www.reddit.com/r/exIglesiaNiCristo/comments/vc451y/midweek_worship_service_examination_jun_14_jun_16/
"Mid-week Worship Service Examination (May 31 - Jun 02, 2022)",v1qxqq,2020-05-28,42,https://www.reddit.com/r/exIglesiaNiCristo/comments/v1qxqq/midweek_worship_service_examination_may_31_jun_02/
"Mid-week Worship Service Examination (Jun 21 - Jun 23, 2022)",vhe0pc,2020-05-28,12,https://www.reddit.com/r/exIglesiaNiCristo/comments/vhe0pc/midweek_worship_service_examination_jun_21_jun_23/
"Mid-week Worship Service Examination (May 17 - May 19, 2022)",urn3xx,2020-05-28,15,https://www.reddit.com/r/exIglesiaNiCristo/comments/urn3xx/midweek_worship_service_examination_may_17_may_19/
"Mid-week Worship Service Examination (May 24 - May 26, 2022)",uwribf,2020-05-28,39,https://www.reddit.com/r/exIglesiaNiCristo/comments/uwribf/midweek_worship_service_examination_may_24_may_26/
"Mid-week Worship Service Examination (Mar 29 - Mar 31, 2022)",tr0eif,2020-05-28,23,https://www.reddit.com/r/exIglesiaNiCristo/comments/tr0eif/midweek_worship_service_examination_mar_29_mar_31/
"Mid-week Worship Service Examination (Mar 15 - Mar 17, 2022)",tepnei,2020-05-28,16,https://www.reddit.com/r/exIglesiaNiCristo/comments/tepnei/midweek_worship_service_examination_mar_15_mar_17/
"Mid-week Worship Service Examination (Aug 11 - Aug 13, 2021)",p24i0c,2020-05-28,21,https://www.reddit.com/r/exIglesiaNiCristo/comments/p24i0c/midweek_worship_service_examination_aug_11_aug_13/
"Mid-week Worship Service Examination (Feb 01 - Feb 03, 2022)",shwyfu,2020-05-28,99,https://www.reddit.com/r/exIglesiaNiCristo/comments/shwyfu/midweek_worship_service_examination_feb_01_feb_03/
"Mid-week Worship Service Examination (Jan 25 - Jan 27, 2022)",scfnks,2020-05-28,14,https://www.reddit.com/r/exIglesiaNiCristo/comments/scfnks/midweek_worship_service_examination_jan_25_jan_27/
"Mid-week Worship Service Examination (Mar 22 - Mar 24, 2022)",tk3nop,2020-05-28,6,https://www.reddit.com/r/exIglesiaNiCristo/comments/tk3nop/midweek_worship_service_examination_mar_22_mar_24/
"Mid-week Worship Service Examination (Apr 05 - Apr 07, 2022)",twvm54,2020-05-28,12,https://www.reddit.com/r/exIglesiaNiCristo/comments/twvm54/midweek_worship_service_examination_apr_05_apr_07/
"Mid-week Worship Service Examination (Mar 01 - Mar 03, 2022)",t49tss,2020-05-28,41,https://www.reddit.com/r/exIglesiaNiCristo/comments/t49tss/midweek_worship_service_examination_mar_01_mar_03/
"Mid-week Worship Service Examination (Jan 18 - Jan 20, 2022)",s6zgno,2020-05-28,14,https://www.reddit.com/r/exIglesiaNiCristo/comments/s6zgno/midweek_worship_service_examination_jan_18_jan_20/
"Mid-week Worship Service Examination (Feb 15 - Feb 17, 2022)",st4u1s,2020-05-28,46,https://www.reddit.com/r/exIglesiaNiCristo/comments/st4u1s/midweek_worship_service_examination_feb_15_feb_17/
"Mid-week Worship Service Examination (Jan 11 - Jan 13, 2022)",s1euq5,2020-05-28,18,https://www.reddit.com/r/exIglesiaNiCristo/comments/s1euq5/midweek_worship_service_examination_jan_11_jan_13/
"Mid-week Worship Service Examination (Mar 08 - Mar 10, 2022)",t9ingv,2020-05-28,9,https://www.reddit.com/r/exIglesiaNiCristo/comments/t9ingv/midweek_worship_service_examination_mar_08_mar_10/
"Mid-week Worship Service Examination (Feb 22 - Feb 24, 2022)",sypmg6,2020-05-28,19,https://www.reddit.com/r/exIglesiaNiCristo/comments/sypmg6/midweek_worship_service_examination_feb_22_feb_24/
"Mid-week Worship Service Examination (Feb 08 - Feb 10, 2022)",snm8t5,2020-05-28,66,https://www.reddit.com/r/exIglesiaNiCristo/comments/snm8t5/midweek_worship_service_examination_feb_08_feb_10/
"Mid-week Worship Service Examination (Aug 25 - Aug 27, 2021)",pb2kfd,2020-05-28,8,https://www.reddit.com/r/exIglesiaNiCristo/comments/pb2kfd/midweek_worship_service_examination_aug_25_aug_27/
"Mid-week Worship Service Examination (Mar 03 - Mar 05, 2021)",lwkn1w,2020-05-28,37,https://www.reddit.com/r/exIglesiaNiCristo/comments/lwkn1w/midweek_worship_service_examination_mar_03_mar_05/
"Mid-week Worship Service Examination (Jul 07 - Jul 09, 2021)",ofabsk,2020-05-28,10,https://www.reddit.com/r/exIglesiaNiCristo/comments/ofabsk/midweek_worship_service_examination_jul_07_jul_09/
"Mid-week Worship Service Examination (Apr 21 - Apr 23, 2021)",mv6v1r,2020-05-28,4,https://www.reddit.com/r/exIglesiaNiCristo/comments/mv6v1r/midweek_worship_service_examination_apr_21_apr_23/
"Mid-week Worship Service Examination (Oct 06 - Oct 08, 2020)",j5z0p4,2020-05-28,19,https://www.reddit.com/r/exIglesiaNiCristo/comments/j5z0p4/midweek_worship_service_examination_oct_06_oct_08/
"Mid-week Worship Service Examination (Jun 02 - Jun 04, 2020)",gv0qr0,2020-05-28,18,https://www.reddit.com/r/exIglesiaNiCristo/comments/gv0qr0/midweek_worship_service_examination_jun_02_jun_04/
"Mid-week Worship Service Examination (Jan 05 - Jan 07, 2021)",kre52k,2020-05-28,16,https://www.reddit.com/r/exIglesiaNiCristo/comments/kre52k/midweek_worship_service_examination_jan_05_jan_07/
"Mid-week Worship Service Examination (Mar 10 - Mar 12, 2021)",m1otxy,2020-05-28,19,https://www.reddit.com/r/exIglesiaNiCristo/comments/m1otxy/midweek_worship_service_examination_mar_10_mar_12/
"Mid-week Worship Service Examination (Nov 03 - Nov 05, 2020)",jn44sc,2020-05-28,11,https://www.reddit.com/r/exIglesiaNiCristo/comments/jn44sc/midweek_worship_service_examination_nov_03_nov_05/
"Mid-week worship service examination (Dec 18 - Dec 19, 2019)",ecceqc,2020-05-28,23,https://www.reddit.com/r/exIglesiaNiCristo/comments/ecceqc/midweek_worship_service_examination_dec_18_dec_19/
"Mid-week Worship Service Examination (Oct 27 - Oct 29, 2020)",jiuvuq,2020-05-28,10,https://www.reddit.com/r/exIglesiaNiCristo/comments/jiuvuq/midweek_worship_service_examination_oct_27_oct_29/
"Mid-week worship service examination (Jan 15 - Jan 16, 2020)",ep24fo,2020-05-28,52,https://www.reddit.com/r/exIglesiaNiCristo/comments/ep24fo/midweek_worship_service_examination_jan_15_jan_16/
"Mid-week Worship Service Examination (Jun 30 - Jul 02, 2020)",higipf,2020-05-28,11,https://www.reddit.com/r/exIglesiaNiCristo/comments/higipf/midweek_worship_service_examination_jun_30_jul_02/
"Mid-week Worship Service Examination (Apr 21 - Apr 23, 2020)",g58w0v,2020-05-28,7,https://www.reddit.com/r/exIglesiaNiCristo/comments/g58w0v/midweek_worship_service_examination_apr_21_apr_23/
"Mid-week Worship Service Examination (Jul 28 - Jul 30, 2020)",hz8azx,2020-05-28,5,https://www.reddit.com/r/exIglesiaNiCristo/comments/hz8azx/midweek_worship_service_examination_jul_28_jul_30/
"Mid-week Worship Service Examination (Mar 31 - Apr 02, 2020)",fs6nmj,2020-05-28,7,https://www.reddit.com/r/exIglesiaNiCristo/comments/fs6nmj/midweek_worship_service_examination_mar_31_apr_02/
"Mid-week worship service examination (Sep 04 - Sep 05, 2019)",czkqez,2020-05-28,23,https://www.reddit.com/r/exIglesiaNiCristo/comments/czkqez/midweek_worship_service_examination_sep_04_sep_05/
"Mid-week worship service examination (Apr 10 - Apr 11, 2019)",bblvt0,2020-05-28,31,https://www.reddit.com/r/exIglesiaNiCristo/comments/bblvt0/midweek_worship_service_examination_apr_10_apr_11/
"Mid-week Worship Service Examination (Dec 01 - Dec 03, 2020)",k4dxmx,2020-05-28,6,https://www.reddit.com/r/exIglesiaNiCristo/comments/k4dxmx/midweek_worship_service_examination_dec_01_dec_03/
"Mid-week Worship Service Examination (Dec 08 - Dec 10, 2020)",k8xppm,2020-05-28,11,https://www.reddit.com/r/exIglesiaNiCristo/comments/k8xppm/midweek_worship_service_examination_dec_08_dec_10/
"Mid-week Worship Service Examination (Sep 01 - Sep 03, 2020)",ike0nz,2020-05-28,21,https://www.reddit.com/r/exIglesiaNiCristo/comments/ike0nz/midweek_worship_service_examination_sep_01_sep_03/
"Mid-week Worship Service Examination (Sep 15 - Sep 17, 2020)",it2007,2020-05-28,12,https://www.reddit.com/r/exIglesiaNiCristo/comments/it2007/midweek_worship_service_examination_sep_15_sep_17/
"Mid-week Worship Service Examination (Nov 24 - Nov 26, 2020)",jzyev5,2020-05-28,11,https://www.reddit.com/r/exIglesiaNiCristo/comments/jzyev5/midweek_worship_service_examination_nov_24_nov_26/
"Mid-week Worship Service Examination (Oct 13 - Oct 15, 2020)",ja6soo,2020-05-28,5,https://www.reddit.com/r/exIglesiaNiCristo/comments/ja6soo/midweek_worship_service_examination_oct_13_oct_15/
"Mid-week Worship Service Examination (Oct 20 - Oct 22, 2020)",jeis6u,2020-05-28,20,https://www.reddit.com/r/exIglesiaNiCristo/comments/jeis6u/midweek_worship_service_examination_oct_20_oct_22/
"Mid-week Worship Service Examination (May 12 - May 14, 2021)",naevwv,2020-05-28,4,https://www.reddit.com/r/exIglesiaNiCristo/comments/naevwv/midweek_worship_service_examination_may_12_may_14/
"Mid-week Worship Service Examination (Dec 22 - Dec 24, 2020)",khyczt,2020-05-28,27,https://www.reddit.com/r/exIglesiaNiCristo/comments/khyczt/midweek_worship_service_examination_dec_22_dec_24/
"Mid-week Worship Service Examination (Jan 13 - Jan 15, 2021)",kw8h7n,2020-05-28,12,https://www.reddit.com/r/exIglesiaNiCristo/comments/kw8h7n/midweek_worship_service_examination_jan_13_jan_15/
"Mid-week Worship Service Examination (Jun 09 - Jun 11, 2021)",nvln28,2020-05-28,30,https://www.reddit.com/r/exIglesiaNiCristo/comments/nvln28/midweek_worship_service_examination_jun_09_jun_11/
"Mid-week Worship Service Examination (Jun 30 - Jul 02, 2021)",oao2cp,2020-05-28,29,https://www.reddit.com/r/exIglesiaNiCristo/comments/oao2cp/midweek_worship_service_examination_jun_30_jul_02/
"Mid-week Worship Service Examination (May 19 - May 21, 2021)",nfu5lp,2020-05-28,17,https://www.reddit.com/r/exIglesiaNiCristo/comments/nfu5lp/midweek_worship_service_examination_may_19_may_21/
"Mid-week Worship Service Examination (Jan 20 - Jan 22, 2021)",l1171p,2020-05-28,11,https://www.reddit.com/r/exIglesiaNiCristo/comments/l1171p/midweek_worship_service_examination_jan_20_jan_22/
"Mid-week Worship Service Examination (Apr 07 - Apr 09, 2021)",mlspzw,2020-05-28,20,https://www.reddit.com/r/exIglesiaNiCristo/comments/mlspzw/midweek_worship_service_examination_apr_07_apr_09/
"Mid-week Worship Service Examination (Feb 03 - Feb 05, 2021)",lbf07o,2020-05-28,42,https://www.reddit.com/r/exIglesiaNiCristo/comments/lbf07o/midweek_worship_service_examination_feb_03_feb_05/
"Mid-week Worship Service Examination (May 05 - May 07, 2021)",n55nyx,2020-05-28,23,https://www.reddit.com/r/exIglesiaNiCristo/comments/n55nyx/midweek_worship_service_examination_may_05_may_07/
"Mid-week Worship Service Examination (Jul 14 - Jul 16, 2021)",ojvdvs,2020-05-28,7,https://www.reddit.com/r/exIglesiaNiCristo/comments/ojvdvs/midweek_worship_service_examination_jul_14_jul_16/
"Mid-week Worship Service Examination (Feb 10 - Feb 12, 2021)",lgleya,2020-05-28,38,https://www.reddit.com/r/exIglesiaNiCristo/comments/lgleya/midweek_worship_service_examination_feb_10_feb_12/
"Mid-week Worship Service Examination (Jan 27 - Jan 29, 2021)",l5vuko,2020-05-28,50,https://www.reddit.com/r/exIglesiaNiCristo/comments/l5vuko/midweek_worship_service_examination_jan_27_jan_29/
"Mid-week Worship Service Examination (Jun 28 - Jun 30, 2022)",vmnyb0,2020-05-28,7,https://www.reddit.com/r/exIglesiaNiCristo/comments/vmnyb0/midweek_worship_service_examination_jun_28_jun_30/
"Mid-week Worship Service Examination (Dec 15 - Dec 17, 2020)",kdf1hw,2020-05-28,11,https://www.reddit.com/r/exIglesiaNiCristo/comments/kdf1hw/midweek_worship_service_examination_dec_15_dec_17/
"Mid-week Worship Service Examination (Apr 14 - Apr 16, 2021)",mqhumx,2020-05-28,22,https://www.reddit.com/r/exIglesiaNiCristo/comments/mqhumx/midweek_worship_service_examination_apr_14_apr_16/
"Mid-week Worship Service Examination (Feb 17 - Feb 19, 2021)",llljin,2020-05-28,21,https://www.reddit.com/r/exIglesiaNiCristo/comments/llljin/midweek_worship_service_examination_feb_17_feb_19/
"Mid-week Worship Service Examination (Dec 29 - Dec 31, 2020)",km7ddq,2020-05-28,21,https://www.reddit.com/r/exIglesiaNiCristo/comments/km7ddq/midweek_worship_service_examination_dec_29_dec_31/
"Mid-week Worship Service Examination (Mar 17 - Mar 19, 2021)",m6qksh,2020-05-28,35,https://www.reddit.com/r/exIglesiaNiCristo/comments/m6qksh/midweek_worship_service_examination_mar_17_mar_19/
"Mid-week Worship Service Examination (Apr 28 - Apr 30, 2021)",n05e43,2020-05-28,65,https://www.reddit.com/r/exIglesiaNiCristo/comments/n05e43/midweek_worship_service_examination_apr_28_apr_30/
"Mid-week Worship Service Examination (May 26 - May 28, 2021)",nl6ssu,2020-05-28,28,https://www.reddit.com/r/exIglesiaNiCristo/comments/nl6ssu/midweek_worship_service_examination_may_26_may_28/
"Mid-week Worship Service Examination (Jun 16 - Jun 18, 2021)",o0v5ne,2020-05-28,12,https://www.reddit.com/r/exIglesiaNiCristo/comments/o0v5ne/midweek_worship_service_examination_jun_16_jun_18/
"Mid-week Worship Service Examination (Mar 31 - Apr 02, 2021)",mgwnuy,2020-05-28,43,https://www.reddit.com/r/exIglesiaNiCristo/comments/mgwnuy/midweek_worship_service_examination_mar_31_apr_02/
"Mid-week Worship Service Examination (Mar 24 - Mar 26, 2021)",mbvxe8,2020-05-28,10,https://www.reddit.com/r/exIglesiaNiCristo/comments/mbvxe8/midweek_worship_service_examination_mar_24_mar_26/
"Mid-week Worship Service Examination (Feb 24 - Feb 26, 2021)",lr345p,2020-05-28,14,https://www.reddit.com/r/exIglesiaNiCristo/comments/lr345p/midweek_worship_service_examination_feb_24_feb_26/
"Mid-week Worship Service Examination (Jun 02 - Jun 04, 2021)",nqbqk5,2020-05-28,24,https://www.reddit.com/r/exIglesiaNiCristo/comments/nqbqk5/midweek_worship_service_examination_jun_02_jun_04/
"Mid-week Worship Service Examination (Jul 05 - Jul 07, 2022)",vryjbt,2020-05-28,17,https://www.reddit.com/r/exIglesiaNiCristo/comments/vryjbt/midweek_worship_service_examination_jul_05_jul_07/
"Mid-week Worship Service Examination (Apr 28 - Apr 30, 2020)",g9gsoa,2020-05-28,12,https://www.reddit.com/r/exIglesiaNiCristo/comments/g9gsoa/midweek_worship_service_examination_apr_28_apr_30/
"Mid-week Worship Service Examination (Aug 11 - Aug 13, 2020)",i7le1w,2020-05-28,8,https://www.reddit.com/r/exIglesiaNiCristo/comments/i7le1w/midweek_worship_service_examination_aug_11_aug_13/
"Mid-week Worship Service Examination (Jun 07 - Jun 09, 2022)",v6wdhi,2020-05-28,92,https://www.reddit.com/r/exIglesiaNiCristo/comments/v6wdhi/midweek_worship_service_examination_jun_07_jun_09/
"Weekend Worship Service Examination (Jun 05 - Jun 08, 2020)",gwy051,2020-06-04,17,https://www.reddit.com/r/exIglesiaNiCristo/comments/gwy051/weekend_worship_service_examination_jun_05_jun_08/
"Weekend Worship Service Examination (Jun 12 - Jun 15, 2020)",h7e86p,2020-06-11,18,https://www.reddit.com/r/exIglesiaNiCristo/comments/h7e86p/weekend_worship_service_examination_jun_12_jun_15/
"Weekend Worship Service Examination (Jul 24 - Jul 27, 2020)",hwvhzc,2020-07-23,55,https://www.reddit.com/r/exIglesiaNiCristo/comments/hwvhzc/weekend_worship_service_examination_jul_24_jul_27/
"Weekend Worship Service Examination (Aug 14 - Aug 17, 2020)",i9fo6w,2020-08-13,20,https://www.reddit.com/r/exIglesiaNiCristo/comments/i9fo6w/weekend_worship_service_examination_aug_14_aug_17/
"Weekend Worship Service Examination (Aug 28 - Aug 31, 2020)",ii0tdd,2020-08-27,18,https://www.reddit.com/r/exIglesiaNiCristo/comments/ii0tdd/weekend_worship_service_examination_aug_28_aug_31/
"Weekend Worship Service Examination (Sep 04 - Sep 07, 2020)",im9o1a,2020-09-03,21,https://www.reddit.com/r/exIglesiaNiCristo/comments/im9o1a/weekend_worship_service_examination_sep_04_sep_07/
"Weekend Worship Service Examination (Sep 11 - Sep 14, 2020)",iqk2rg,2020-09-10,9,https://www.reddit.com/r/exIglesiaNiCristo/comments/iqk2rg/weekend_worship_service_examination_sep_11_sep_14/
"Weekend Worship Service Examination (Sep 18 - Sep 21, 2020)",iuzo7u,2020-09-17,15,https://www.reddit.com/r/exIglesiaNiCristo/comments/iuzo7u/weekend_worship_service_examination_sep_18_sep_21/
"Weekend Worship Service Examination (Sep 25 - Sep 28, 2020)",izd9o7,2020-09-24,31,https://www.reddit.com/r/exIglesiaNiCristo/comments/izd9o7/weekend_worship_service_examination_sep_25_sep_28/
"Weekend Worship Service Examination (Oct 02 - Oct 05, 2020)",j3obta,2020-10-01,25,https://www.reddit.com/r/exIglesiaNiCristo/comments/j3obta/weekend_worship_service_examination_oct_02_oct_05/
"Weekend Worship Service Examination (Oct 09 - Oct 12, 2020)",j7stfx,2020-10-08,30,https://www.reddit.com/r/exIglesiaNiCristo/comments/j7stfx/weekend_worship_service_examination_oct_09_oct_12/
"Weekend Worship Service Examination (Oct 16 - Oct 19, 2020)",jc3inv,2020-10-15,15,https://www.reddit.com/r/exIglesiaNiCristo/comments/jc3inv/weekend_worship_service_examination_oct_16_oct_19/
"Weekend Worship Service Examination (Oct 23 - Oct 26, 2020)",jggehz,2020-10-22,34,https://www.reddit.com/r/exIglesiaNiCristo/comments/jggehz/weekend_worship_service_examination_oct_23_oct_26/
"Weekend Worship Service Examination (Oct 30 - Nov 02, 2020)",jkqiqh,2020-10-29,20,https://www.reddit.com/r/exIglesiaNiCristo/comments/jkqiqh/weekend_worship_service_examination_oct_30_nov_02/
"Weekend Worship Service Examination (Nov 06 - Nov 09, 2020)",joyp2y,2020-11-05,26,https://www.reddit.com/r/exIglesiaNiCristo/comments/joyp2y/weekend_worship_service_examination_nov_06_nov_09/
"Weekend Worship Service Examination (Nov 13 - Nov 16, 2020)",jtavfk,2020-11-12,11,https://www.reddit.com/r/exIglesiaNiCristo/comments/jtavfk/weekend_worship_service_examination_nov_13_nov_16/
"Weekend Worship Service Examination (Nov 20 - Nov 23, 2020)",jxis6s,2020-11-19,40,https://www.reddit.com/r/exIglesiaNiCristo/comments/jxis6s/weekend_worship_service_examination_nov_20_nov_23/
"Weekend Worship Service Examination (Nov 27 - Nov 30, 2020)",k1ul00,2020-11-26,12,https://www.reddit.com/r/exIglesiaNiCristo/comments/k1ul00/weekend_worship_service_examination_nov_27_nov_30/
"Weekend Worship Service Examination (Dec 04 - Dec 07, 2020)",k6e3q4,2020-12-03,25,https://www.reddit.com/r/exIglesiaNiCristo/comments/k6e3q4/weekend_worship_service_examination_dec_04_dec_07/
"Weekend Worship Service Examination (Dec 11 - Dec 14, 2020)",kaw08c,2020-12-10,46,https://www.reddit.com/r/exIglesiaNiCristo/comments/kaw08c/weekend_worship_service_examination_dec_11_dec_14/
"Weekend Worship Service Examination (Dec 18 - Dec 21, 2020)",kfeei1,2020-12-17,26,https://www.reddit.com/r/exIglesiaNiCristo/comments/kfeei1/weekend_worship_service_examination_dec_18_dec_21/
"Weekend Worship Service Examination (Dec 25 - Dec 28, 2020)",kjtaqv,2020-12-24,47,https://www.reddit.com/r/exIglesiaNiCristo/comments/kjtaqv/weekend_worship_service_examination_dec_25_dec_28/
"Weekend Worship Service Examination (Jan 01 - Jan 04, 2021)",ko57xz,2020-12-31,19,https://www.reddit.com/r/exIglesiaNiCristo/comments/ko57xz/weekend_worship_service_examination_jan_01_jan_04/
"Weekend Worship Service Examination (Jan 09 - Jan 12, 2021)",ktjesf,2021-01-08,24,https://www.reddit.com/r/exIglesiaNiCristo/comments/ktjesf/weekend_worship_service_examination_jan_09_jan_12/
"Weekend Worship Service Examination (Jan 16 - Jan 19, 2021)",kybh4h,2021-01-15,36,https://www.reddit.com/r/exIglesiaNiCristo/comments/kybh4h/weekend_worship_service_examination_jan_16_jan_19/
"Weekend Worship Service Examination (Jan 30 - Feb 02, 2021)",l8d95r,2021-01-29,44,https://www.reddit.com/r/exIglesiaNiCristo/comments/l8d95r/weekend_worship_service_examination_jan_30_feb_02/
"Weekend Worship Service Examination (Feb 06 - Feb 09, 2021)",ldpeas,2021-02-05,43,https://www.reddit.com/r/exIglesiaNiCristo/comments/ldpeas/weekend_worship_service_examination_feb_06_feb_09/
"Weekend Worship Service Examination (Feb 13 - Feb 16, 2021)",liso8o,2021-02-12,35,https://www.reddit.com/r/exIglesiaNiCristo/comments/liso8o/weekend_worship_service_examination_feb_13_feb_16/
"Weekend Worship Service Examination (Feb 20 - Feb 23, 2021)",lnynva,2021-02-19,14,https://www.reddit.com/r/exIglesiaNiCristo/comments/lnynva/weekend_worship_service_examination_feb_20_feb_23/
"Weekend Worship Service Examination (Feb 27 - Mar 02, 2021)",ltfqak,2021-02-26,35,https://www.reddit.com/r/exIglesiaNiCristo/comments/ltfqak/weekend_worship_service_examination_feb_27_mar_02/
"Weekend Worship Service Examination (Mar 06 - Mar 09, 2021)",lytjis,2021-03-05,38,https://www.reddit.com/r/exIglesiaNiCristo/comments/lytjis/weekend_worship_service_examination_mar_06_mar_09/
"Weekend Worship Service Examination (Mar 13 - Mar 16, 2021)",m3ym0n,2021-03-12,30,https://www.reddit.com/r/exIglesiaNiCristo/comments/m3ym0n/weekend_worship_service_examination_mar_13_mar_16/
"Weekend Worship Service Examination (Mar 20 - Mar 23, 2021)",m8y0w2,2021-03-19,39,https://www.reddit.com/r/exIglesiaNiCristo/comments/m8y0w2/weekend_worship_service_examination_mar_20_mar_23/
"Weekend Worship Service Examination (Mar 27 - Mar 30, 2021)",me5785,2021-03-26,16,https://www.reddit.com/r/exIglesiaNiCristo/comments/me5785/weekend_worship_service_examination_mar_27_mar_30/
"Weekend Worship Service Examination (Apr 03 - Apr 06, 2021)",mizze0,2021-04-02,25,https://www.reddit.com/r/exIglesiaNiCristo/comments/mizze0/weekend_worship_service_examination_apr_03_apr_06/
"Weekend Worship Service Examination (Apr 10 - Apr 13, 2021)",mnwpg5,2021-04-09,9,https://www.reddit.com/r/exIglesiaNiCristo/comments/mnwpg5/weekend_worship_service_examination_apr_10_apr_13/
"Weekend Worship Service Examination (Apr 17 - Apr 20, 2021)",msiogu,2021-04-16,15,https://www.reddit.com/r/exIglesiaNiCristo/comments/msiogu/weekend_worship_service_examination_apr_17_apr_20/
"Weekend Worship Service Examination (Apr 24 - Apr 27, 2021)",mxbc1l,2021-04-23,18,https://www.reddit.com/r/exIglesiaNiCristo/comments/mxbc1l/weekend_worship_service_examination_apr_24_apr_27/
"Weekend Worship Service Examination (May 01 - May 04, 2021)",n29og1,2021-04-30,16,https://www.reddit.com/r/exIglesiaNiCristo/comments/n29og1/weekend_worship_service_examination_may_01_may_04/
"Weekend Worship Service Examination (May 08 - May 11, 2021)",n7frtv,2021-05-07,23,https://www.reddit.com/r/exIglesiaNiCristo/comments/n7frtv/weekend_worship_service_examination_may_08_may_11/
"Weekend Worship Service Examination (May 15 - May 18, 2021)",ncpem5,2021-05-14,45,https://www.reddit.com/r/exIglesiaNiCristo/comments/ncpem5/weekend_worship_service_examination_may_15_may_18/
"Weekend Worship Service Examination (May 22 - May 25, 2021)",ni99iw,2021-05-21,16,https://www.reddit.com/r/exIglesiaNiCristo/comments/ni99iw/weekend_worship_service_examination_may_22_may_25/
"Weekend Worship Service Examination (May 29 - Jun 01, 2021)",nne1fx,2021-05-28,29,https://www.reddit.com/r/exIglesiaNiCristo/comments/nne1fx/weekend_worship_service_examination_may_29_jun_01/
"Weekend Worship Service Examination (Jun 05 - Jun 08, 2021)",nsm54s,2021-06-04,30,https://www.reddit.com/r/exIglesiaNiCristo/comments/nsm54s/weekend_worship_service_examination_jun_05_jun_08/
"Weekend Worship Service Examination (Jun 12 - Jun 15, 2021)",nxwzew,2021-06-11,12,https://www.reddit.com/r/exIglesiaNiCristo/comments/nxwzew/weekend_worship_service_examination_jun_12_jun_15/
"Weekend Worship Service Examination (Jun 19 - Jun 22, 2021)",o36n7y,2021-06-18,16,https://www.reddit.com/r/exIglesiaNiCristo/comments/o36n7y/weekend_worship_service_examination_jun_19_jun_22/
"Weekend Worship Service Examination (Jun 26 - Jun 29, 2021)",o82gdl,2021-06-25,18,https://www.reddit.com/r/exIglesiaNiCristo/comments/o82gdl/weekend_worship_service_examination_jun_26_jun_29/
"Weekend Worship Service Examination (Jul 03 - Jul 06, 2021)",ocpn2h,2021-07-02,18,https://www.reddit.com/r/exIglesiaNiCristo/comments/ocpn2h/weekend_worship_service_examination_jul_03_jul_06/
"Weekend Worship Service Examination (Jul 10 - Jul 13, 2021)",ohamna,2021-07-09,22,https://www.reddit.com/r/exIglesiaNiCristo/comments/ohamna/weekend_worship_service_examination_jul_10_jul_13/
"Weekend Worship Service Examination (Jul 17 - Jul 20, 2021)",olw2p1,2021-07-16,14,https://www.reddit.com/r/exIglesiaNiCristo/comments/olw2p1/weekend_worship_service_examination_jul_17_jul_20/
"Weekend Worship Service Examination (Jul 24 - Jul 27, 2021)",oqhmyd,2021-07-23,18,https://www.reddit.com/r/exIglesiaNiCristo/comments/oqhmyd/weekend_worship_service_examination_jul_24_jul_27/
"Weekend Worship Service Examination (Jul 31 - Aug 03, 2021)",ouziwi,2021-07-30,23,https://www.reddit.com/r/exIglesiaNiCristo/comments/ouziwi/weekend_worship_service_examination_jul_31_aug_03/
"Weekend Worship Service Examination (Aug 07 - Aug 10, 2021)",ozld5x,2021-08-06,7,https://www.reddit.com/r/exIglesiaNiCristo/comments/ozld5x/weekend_worship_service_examination_aug_07_aug_10/
"Weekend Worship Service Examination (Aug 14 - Aug 17, 2021)",p40384,2021-08-13,21,https://www.reddit.com/r/exIglesiaNiCristo/comments/p40384/weekend_worship_service_examination_aug_14_aug_17/
"Weekend Worship Service Examination (Aug 21 - Aug 24, 2021)",p8jq11,2021-08-20,47,https://www.reddit.com/r/exIglesiaNiCristo/comments/p8jq11/weekend_worship_service_examination_aug_21_aug_24/
"Weekend Worship Service Examination (Aug 28 - Aug 31, 2021)",pd1yrl,2021-08-27,16,https://www.reddit.com/r/exIglesiaNiCristo/comments/pd1yrl/weekend_worship_service_examination_aug_28_aug_31/
"Weekend Worship Service Examination (Sep 04 - Sep 07, 2021)",phjkhe,2021-09-03,30,https://www.reddit.com/r/exIglesiaNiCristo/comments/phjkhe/weekend_worship_service_examination_sep_04_sep_07/
"Weekend Worship Service Examination (Sep 11 - Sep 14, 2021)",plzdae,2021-09-10,11,https://www.reddit.com/r/exIglesiaNiCristo/comments/plzdae/weekend_worship_service_examination_sep_11_sep_14/
"Weekend Worship Service Examination (Sep 18 - Sep 21, 2021)",pqei59,2021-09-17,27,https://www.reddit.com/r/exIglesiaNiCristo/comments/pqei59/weekend_worship_service_examination_sep_18_sep_21/
"Weekend Worship Service Examination (Sep 25 - Sep 28, 2021)",puyatd,2021-09-24,22,https://www.reddit.com/r/exIglesiaNiCristo/comments/puyatd/weekend_worship_service_examination_sep_25_sep_28/
"Weekend Worship Service Examination (Oct 02 - Oct 05, 2021)",pzn2ti,2021-10-01,28,https://www.reddit.com/r/exIglesiaNiCristo/comments/pzn2ti/weekend_worship_service_examination_oct_02_oct_05/
"Weekend Worship Service Examination (Oct 09 - Oct 12, 2021)",q4cv0s,2021-10-08,23,https://www.reddit.com/r/exIglesiaNiCristo/comments/q4cv0s/weekend_worship_service_examination_oct_09_oct_12/
"Weekend Worship Service Examination (Oct 16 - Oct 19, 2021)",q93ip9,2021-10-15,11,https://www.reddit.com/r/exIglesiaNiCristo/comments/q93ip9/weekend_worship_service_examination_oct_16_oct_19/
"Weekend Worship Service Examination (Oct 23 - Oct 26, 2021)",qdwfs7,2021-10-22,16,https://www.reddit.com/r/exIglesiaNiCristo/comments/qdwfs7/weekend_worship_service_examination_oct_23_oct_26/
"Weekend Worship Service Examination (Oct 30 - Nov 02, 2021)",qiska8,2021-10-29,20,https://www.reddit.com/r/exIglesiaNiCristo/comments/qiska8/weekend_worship_service_examination_oct_30_nov_02/
"Weekend Worship Service Examination (Nov 06 - Nov 09, 2021)",qnrbhe,2021-11-05,19,https://www.reddit.com/r/exIglesiaNiCristo/comments/qnrbhe/weekend_worship_service_examination_nov_06_nov_09/
"Weekend Worship Service Examination (Nov 13 - Nov 16, 2021)",qsrrqp,2021-11-12,17,https://www.reddit.com/r/exIglesiaNiCristo/comments/qsrrqp/weekend_worship_service_examination_nov_13_nov_16/
"Weekend Worship Service Examination (Nov 20 - Nov 23, 2021)",qxw7um,2021-11-19,16,https://www.reddit.com/r/exIglesiaNiCristo/comments/qxw7um/weekend_worship_service_examination_nov_20_nov_23/
"Weekend Worship Service Examination (Nov 26 - Nov 29, 2021)",r2paoe,2021-11-26,20,https://www.reddit.com/r/exIglesiaNiCristo/comments/r2paoe/weekend_worship_service_examination_nov_26_nov_29/
"Weekend Worship Service Examination (Dec 03 - Dec 06, 2021)",r80yv4,2021-12-03,21,https://www.reddit.com/r/exIglesiaNiCristo/comments/r80yv4/weekend_worship_service_examination_dec_03_dec_06/
"Weekend Worship Service Examination (Dec 10 - Dec 13, 2021)",rdai1w,2021-12-10,29,https://www.reddit.com/r/exIglesiaNiCristo/comments/rdai1w/weekend_worship_service_examination_dec_10_dec_13/
"Weekend Worship Service Examination (Dec 17 - Dec 20, 2021)",rij8vx,2021-12-17,12,https://www.reddit.com/r/exIglesiaNiCristo/comments/rij8vx/weekend_worship_service_examination_dec_17_dec_20/
"Weekend Worship Service Examination (Dec 24 - Dec 27, 2021)",rnnz1j,2021-12-24,49,https://www.reddit.com/r/exIglesiaNiCristo/comments/rnnz1j/weekend_worship_service_examination_dec_24_dec_27/
"Weekend Worship Service Examination (Dec 31 - Jan 03, 2022)",rsvol1,2021-12-31,16,https://www.reddit.com/r/exIglesiaNiCristo/comments/rsvol1/weekend_worship_service_examination_dec_31_jan_03/
"Weekend Worship Service Examination (Jan 07 - Jan 10, 2022)",ry9atd,2022-01-07,39,https://www.reddit.com/r/exIglesiaNiCristo/comments/ry9atd/weekend_worship_service_examination_jan_07_jan_10/
"Weekend Worship Service Examination (Jan 14 - Jan 17, 2022)",s3uccv,2022-01-14,22,https://www.reddit.com/r/exIglesiaNiCristo/comments/s3uccv/weekend_worship_service_examination_jan_14_jan_17/
"Weekend Worship Service Examination (Jan 21 - Jan 24, 2022)",s9cmzy,2022-01-21,13,https://www.reddit.com/r/exIglesiaNiCristo/comments/s9cmzy/weekend_worship_service_examination_jan_21_jan_24/
"Weekend Worship Service Examination (Jan 28 - Jan 31, 2022)",sesplc,2022-01-28,16,https://www.reddit.com/r/exIglesiaNiCristo/comments/sesplc/weekend_worship_service_examination_jan_28_jan_31/
"Weekend Worship Service Examination (Feb 04 - Feb 07, 2022)",skfahc,2022-02-04,127,https://www.reddit.com/r/exIglesiaNiCristo/comments/skfahc/weekend_worship_service_examination_feb_04_feb_07/
"Weekend Worship Service Examination (Feb 11 - Feb 14, 2022)",sq1cvq,2022-02-11,52,https://www.reddit.com/r/exIglesiaNiCristo/comments/sq1cvq/weekend_worship_service_examination_feb_11_feb_14/
"Weekend Worship Service Examination (Feb 18 - Feb 21, 2022)",svjyrx,2022-02-18,50,https://www.reddit.com/r/exIglesiaNiCristo/comments/svjyrx/weekend_worship_service_examination_feb_18_feb_21/
"Weekend Worship Service Examination (Feb 25 - Feb 28, 2022)",t1609n,2022-02-25,44,https://www.reddit.com/r/exIglesiaNiCristo/comments/t1609n/weekend_worship_service_examination_feb_25_feb_28/
"Weekend Worship Service Examination (Mar 04 - Mar 07, 2022)",t6ktuj,2022-03-04,51,https://www.reddit.com/r/exIglesiaNiCristo/comments/t6ktuj/weekend_worship_service_examination_mar_04_mar_07/
"Weekend Worship Service Examination (Mar 11 - Mar 14, 2022)",tbry3m,2022-03-11,37,https://www.reddit.com/r/exIglesiaNiCristo/comments/tbry3m/weekend_worship_service_examination_mar_11_mar_14/
"Weekend Worship Service Examination (Mar 18 - Mar 21, 2022)",th1zme,2022-03-18,15,https://www.reddit.com/r/exIglesiaNiCristo/comments/th1zme/weekend_worship_service_examination_mar_18_mar_21/
"Weekend Worship Service Examination (Mar 25 - Mar 28, 2022)",tnmk7g,2022-03-25,53,https://www.reddit.com/r/exIglesiaNiCristo/comments/tnmk7g/weekend_worship_service_examination_mar_25_mar_28/
"Weekend Worship Service Examination (Apr 01 - Apr 04, 2022)",ttrdmo,2022-04-01,14,https://www.reddit.com/r/exIglesiaNiCristo/comments/ttrdmo/weekend_worship_service_examination_apr_01_apr_04/
"Weekend Worship Service Examination (May 20 - May 23, 2022)",utwtge,2022-05-20,37,https://www.reddit.com/r/exIglesiaNiCristo/comments/utwtge/weekend_worship_service_examination_may_20_may_23/
"Weekend Worship Service Examination (May 27 - May 30, 2022)",uyyuhs,2022-05-27,49,https://www.reddit.com/r/exIglesiaNiCristo/comments/uyyuhs/weekend_worship_service_examination_may_27_may_30/
"Weekend Worship Service Examination (Jun 03 - Jun 06, 2022)",v401mp,2022-06-03,32,https://www.reddit.com/r/exIglesiaNiCristo/comments/v401mp/weekend_worship_service_examination_jun_03_jun_06/
"Weekend Worship Service Examination (Jun 10 - Jun 13, 2022)",v98eji,2022-06-10,58,https://www.reddit.com/r/exIglesiaNiCristo/comments/v98eji/weekend_worship_service_examination_jun_10_jun_13/
"Weekend Worship Service Examination (Jun 17 - Jun 20, 2022)",vedury,2022-06-17,33,https://www.reddit.com/r/exIglesiaNiCristo/comments/vedury/weekend_worship_service_examination_jun_17_jun_20/
"Weekend Worship Service Examination (Jun 24 - Jun 27, 2022)",vjp4h9,2022-06-24,22,https://www.reddit.com/r/exIglesiaNiCristo/comments/vjp4h9/weekend_worship_service_examination_jun_24_jun_27/
"Weekend Worship Service Examination (Jul 01 - Jul 04, 2022)",vp1iuf,2022-07-01,25,https://www.reddit.com/r/exIglesiaNiCristo/comments/vp1iuf/weekend_worship_service_examination_jul_01_jul_04/
"Weekend Worship Service Examination (Jul 08 - Jul 11, 2022)",vubg58,2022-07-08,19,https://www.reddit.com/r/exIglesiaNiCristo/comments/vubg58/weekend_worship_service_examination_jul_08_jul_11/
"Weekend Worship Service Examination (Jul 15 - Jul 18, 2022)",vzpftx,2022-07-15,28,https://www.reddit.com/r/exIglesiaNiCristo/comments/vzpftx/weekend_worship_service_examination_jul_15_jul_18/
"Weekend Worship Service Examination (Jul 22 - Jul 25, 2022)",w5bck2,2022-07-22,29,https://www.reddit.com/r/exIglesiaNiCristo/comments/w5bck2/weekend_worship_service_examination_jul_22_jul_25/
